-- phpMyAdmin SQL Dump
-- version 3.5.0
-- http://www.phpmyadmin.net
--
-- Хост: localhost
-- Время создания: Авг 04 2012 г., 00:12
-- Версия сервера: 5.5.23-log
-- Версия PHP: 5.3.11

SET SQL_MODE="NO_AUTO_VALUE_ON_ZERO";
SET time_zone = "+00:00";


/*!40101 SET @OLD_CHARACTER_SET_CLIENT=@@CHARACTER_SET_CLIENT */;
/*!40101 SET @OLD_CHARACTER_SET_RESULTS=@@CHARACTER_SET_RESULTS */;
/*!40101 SET @OLD_COLLATION_CONNECTION=@@COLLATION_CONNECTION */;
/*!40101 SET NAMES utf8 */;

--
-- База данных: `akplayer`
--

-- --------------------------------------------------------

--
-- Структура таблицы `lsearch`
--

CREATE TABLE IF NOT EXISTS `lsearch` (
  `user_id` int(11) NOT NULL,
  `lastsearch` varchar(255) NOT NULL,
  `date` timestamp NOT NULL DEFAULT CURRENT_TIMESTAMP
) ENGINE=MyISAM DEFAULT CHARSET=utf8;

--
-- Дамп данных таблицы `lsearch`
--

INSERT INTO `lsearch` (`user_id`, `lastsearch`, `date`) VALUES
(240, 'жуки', '2012-08-03 18:09:43'),
(240, 'жуки', '2012-08-02 12:52:14'),
(240, 'Берись и делай', '2012-08-01 10:29:47'),
(240, 'жуки', '2012-08-02 11:13:30'),
(244, 'берись и делай', '2012-08-01 16:15:20'),
(21, 'Фабрика', '2012-07-16 06:28:48'),
(198, 'Escape  Enrique Iglesias', '2012-08-02 14:06:02'),
(240, ';erb', '2012-08-02 11:13:24'),
(240, 'экстремальное программирование', '2012-08-02 11:13:10'),
(140, 'берись и делай', '2012-08-01 07:46:46'),
(21, 'Фабрика', '2012-07-16 06:28:49'),
(240, 'берись и делай', '2012-08-02 12:52:22'),
(240, 'Ден Браун', '2012-08-01 12:15:11'),
(198, 'Escape  Enrique Iglesias', '2012-08-02 09:02:01'),
(140, 'Андрей Шарков', '2012-08-01 07:46:44'),
(21, 'Фабрика', '2012-07-16 06:28:52'),
(21, 'Фабрика', '2012-07-16 06:28:52'),
(240, 'экстремал', '2012-08-02 11:13:17'),
(240, 'Halfcocked — Bad reputation', '2012-08-01 12:14:20'),
(21, 'Фабрика', '2012-07-16 06:28:53'),
(240, 'Угнать за 60 секунд OST', '2012-08-02 08:59:20'),
(240, 'Угнать за 60 секунд OST', '2012-08-02 08:36:57'),
(244, 'берись и делай', '2012-08-01 16:15:27'),
(240, 'Ден Браун', '2012-08-01 12:11:48'),
(240, 'Ден браун', '2012-08-01 12:11:37'),
(240, 'Глуховский', '2012-08-01 12:08:28'),
(240, 'Берись и делай', '2012-08-01 10:58:41'),
(240, 'Halfcocked — Bad reputation', '2012-08-01 10:55:49'),
(198, 'Halfcocked — Bad reputation', '2012-08-01 10:53:29'),
(140, 'Андрей Шарков', '2012-08-01 07:43:29'),
(140, 'берись и делай', '2012-08-01 07:30:24'),
(140, 'бирись и делай', '2012-08-01 07:30:20'),
(140, 'Бери и делай', '2012-08-01 07:28:41'),
(140, '&lt;thb b ltkfq', '2012-08-01 07:28:17'),
(198, 'shrek', '2012-08-01 06:56:51'),
(198, 'shrek', '2012-08-01 06:40:20'),
(198, 'shrek', '2012-08-01 06:27:06'),
(198, 'shrek', '2012-08-01 03:57:27'),
(231, 'ribbik ', '2012-07-31 08:54:40'),
(231, 'ribbik 2012', '2012-07-31 08:54:29'),
(231, 'ribbik', '2012-07-31 08:47:25'),
(231, 'benzina', '2012-07-31 08:30:47'),
(21, 'my body', '2012-07-31 08:01:30'),
(21, 'mybody', '2012-07-31 08:01:25'),
(21, 'kevin bean', '2012-07-16 08:28:46'),
(21, 'kevin bean', '2012-07-16 15:18:30'),
(21, 'adele Someone like you &amp; Rolling In the Deep Live Albert Hall', '2012-07-16 15:19:41'),
(21, 'adele Someone like you Rolling In the Deep Live Albert Hall', '2012-07-16 15:19:47'),
(21, 'adele Someone like you', '2012-07-16 15:19:51'),
(21, 'Аdele Someone like you', '2012-07-16 15:20:12'),
(21, 'Аdele Someone like you', '2012-07-16 15:33:26'),
(198, 'Ever Fallen', '2012-07-31 07:20:15'),
(198, 'Ever Fallen in Love', '2012-07-31 07:20:05'),
(21, 'Adele Кolling in the deep', '2012-07-17 08:37:11'),
(21, 'Adele Rolling in the deep', '2012-07-17 08:37:22'),
(21, 'Adele and Rolling in the deep', '2012-07-17 08:37:41'),
(21, 'Adele Linkin park', '2012-07-17 08:37:59'),
(21, 'rolling in the deep', '2012-07-17 08:38:05'),
(21, 'linkin park', '2012-07-17 09:34:39'),
(21, 'kevin bean', '2012-07-17 09:34:54'),
(21, 'ADELE Someone like you', '2012-07-17 11:02:07'),
(21, 'rolling in the deep', '2012-07-17 11:16:10'),
(21, 'Аида Николайчук', '2012-07-17 11:37:49'),
(21, 'Высоко', '2012-07-17 11:44:42'),
(21, 'Высоко Савичева', '2012-07-17 11:44:54'),
(198, 'Ever Fallen in Love', '2012-07-31 07:19:59'),
(198, 'Ever Fallen in Love', '2012-07-31 07:19:52'),
(21, 'OST ', '2012-07-31 04:23:28'),
(198, 'черепашки ниндзя', '2012-07-31 03:59:12'),
(198, 'песня мамонтенка', '2012-07-31 03:56:40'),
(198, 'умка', '2012-07-31 03:56:11'),
(198, 'умка', '2012-07-31 03:53:56'),
(198, 'чип и дейл', '2012-07-31 03:53:30'),
(198, 'чип и дейл', '2012-07-31 03:51:50'),
(198, 'Антошка Антошка ', '2012-07-31 03:48:24'),
(223, 'hey Jude live ', '2012-07-28 13:09:53'),
(223, 'hey Jude ', '2012-07-28 13:09:44'),
(223, 'hey Jude ', '2012-07-28 13:08:39'),
(198, 'Linkin park Catalyst', '2012-07-27 15:31:10'),
(198, 'Linkin park', '2012-07-27 15:31:04'),
(198, 'Linkin park', '2012-07-27 10:56:21'),
(214, 'test', '2012-07-26 13:23:13'),
(198, 'Савичева высоко', '2012-07-26 11:02:05'),
(198, 'Савичева', '2012-07-26 11:02:00'),
(198, 'Виагра Стоп', '2012-07-26 03:12:57'),
(198, 'Виагра', '2012-07-26 03:12:53'),
(140, 'Depesh Mode', '2012-07-25 13:48:49'),
(198, 'Виагра', '2012-07-25 05:20:58'),
(198, 'Савичева', '2012-07-25 05:20:54'),
(198, 'Савичева', '2012-07-25 05:20:35'),
(198, 'Виагра', '2012-07-25 05:20:50');

-- --------------------------------------------------------

--
-- Структура таблицы `playlist`
--

CREATE TABLE IF NOT EXISTS `playlist` (
  `id` int(11) NOT NULL AUTO_INCREMENT,
  `playlist_id` int(11) NOT NULL,
  `track_id` varchar(100) NOT NULL,
  `serial` int(10) unsigned DEFAULT NULL,
  `track_artist` varchar(255) NOT NULL,
  `track_title` varchar(255) NOT NULL,
  `track_duration` int(11) NOT NULL,
  PRIMARY KEY (`id`),
  KEY `playlist_id` (`playlist_id`,`track_id`),
  KEY `serial` (`serial`)
) ENGINE=MyISAM  DEFAULT CHARSET=utf8 AUTO_INCREMENT=631 ;

--
-- Дамп данных таблицы `playlist`
--

INSERT INTO `playlist` (`id`, `playlist_id`, `track_id`, `serial`, `track_artist`, `track_title`, `track_duration`) VALUES
(560, 63, '-31042769_121787850', NULL, 'Андрей Шарков', 'Берись и Делай Выпуск№10 (Андрей Шарков)', 3702),
(559, 63, '-3367909_129045049', NULL, 'ИГОРЬ БЕЛЯВСКИЙ И АНДРЕЙ ШАРКОВ', '09-Город', 135),
(310, 11, '21235058_52273502', NULL, 'Gorky Park', 'Tell Me Why', 204),
(311, 11, '23065204_64718534', NULL, 'Gorky Park', 'Ocean', 234),
(312, 11, '139751_39743471', NULL, 'Gorky park', 'Tomorrow', 355),
(238, 11, '1046934_41505502', NULL, 'Andy Williams', 'Speak Softly Love (тема любви из к/ф "Крёстный отец")', 185),
(237, 11, '75433408_76626345', NULL, 'B.o.B feat. Hayley Williams of Paramore', 'Airplanes', 181),
(236, 11, '645245_89370334', NULL, 'robbie williams', 'feel', 262),
(456, 94, '39358006_115136673', NULL, 'Paul McCartney', 'Hey Jude (Live)', 455),
(434, 94, '7301256_107328297', NULL, 'ViaGra', 'Ne ostavlyai menya lyubimyi', 196),
(435, 94, '29267187_79383560', NULL, 'Viagra', 'Попытка №5 ', 203),
(436, 94, '81006144_111069675', NULL, 'ViaGra ', 'Биология', 222),
(437, 94, '82445609_132698301', NULL, 'Viagra', 'лучшие друзья девушек - это брилианты ', 207),
(438, 94, '24169834_90015576', NULL, 'Юлия Савичева', 'Скажи мне что такое Любовь', 226),
(439, 63, '41106989_69344830', NULL, 'Depesh Mode', 'Personal Jesus', 296),
(440, 63, '58748464_87113813', NULL, 'Depesh mode', 'Enjoy the silence', 200),
(441, 63, '92203308_89375784', NULL, 'Depesh Mode', 'Free Love', 246),
(442, 63, '6887426_69925220', NULL, 'Depesh Mode', 'Useless', 312),
(443, 63, '20670522_76357041', NULL, 'Depesh Mode', 'Home', 343),
(444, 63, '10263045_88718356', NULL, 'Depesh Mode', 'Precious', 249),
(445, 63, '11631613_69799598', NULL, 'Depesh Mode', 'Strangelove', 295),
(446, 94, '99108178_88417883', NULL, 'Виагра', 'Стоп! Стоп! Стоп!', 224),
(447, 94, '2211294_67168264', NULL, 'Савичева Юлия', 'Высоко', 294),
(457, 11, '9124038_77539730', NULL, 'Peter Gabriel', 'My Body Is A Cage', 374),
(455, 94, '25290065_111462282', NULL, 'David Garrett', 'Hey Jude (Live Open Air In Berlin, 2010)', 232),
(453, 124, '38213472_155374232', NULL, 'КняZz', 'Байкеры', 210),
(451, 124, '38213472_155374242', NULL, 'ДДТ', 'А не спеть ли нам песню', 277),
(314, 11, '30200484_70574183', NULL, 'Gorky Park', 'My generation', 278),
(239, 11, '3267894_32317823', NULL, 'Madonna feat J.Timberlake feat Timbaland', '4 minutes', 244),
(240, 11, '3470599_71502644', NULL, 'Timbaland', 'If We Ever Meet Again (feat. Katy Perry)', 292),
(315, 11, '13201141_69685697', NULL, 'Трофим', 'Поколение пепси колы', 228),
(289, 11, '38213472_155374081', NULL, 'Муммий троль', 'Малыш ты меня волнуеш', 214),
(558, 63, '-31042769_121787648', NULL, 'Андрей Шарков', 'Берись и Делай Выпуск №08 (Алена Кришевич)', 3905),
(313, 11, '-13915962_90347076', NULL, 'Парк Горького (Gorky Park)', 'Welcome To The Gorky Park', 262),
(326, 11, '12202045_130220585', NULL, 'Chester on KROQ’s ', 'Kevin &amp; Bean’s Show (часть 2)', 567),
(202, 11, '66432108_71137464', NULL, 'Фабрика Звёзд 1 - группа Фабрика', 'Про любовь', 210),
(203, 11, '17131067_73966287', NULL, 'Фабрика звезд', 'Фабрика - Про любовь', 213),
(204, 11, '34145203_96470577', NULL, 'Queen', 'We are the champion ', 179),
(205, 11, '14145545_91038047', NULL, 'Queen', 'The Show Must Go On', 264),
(207, 11, '2432850_123546110', NULL, 'Katy Perry', 'The One That Got Away', 227),
(209, 11, '67789145_85719144', NULL, 'Katy Perry', 'I Kissed A Girl', 181),
(210, 11, '26532032_84845769', NULL, 'Linkin Park', 'My December', 259),
(555, 63, '-31042769_121787038', NULL, 'Андрей Шарков', 'Берись и Делай Выпуск №5 (Григорий Васинкевич - франчайзинг)', 2094),
(619, 144, '540524_89544353', 1, 'Жуки', 'Батарейка', 227),
(620, 144, '17662515_102960911', 2, 'Жуки', 'Разлюбила', 223),
(621, 144, '7415831_72515429', 2, 'Жуки', 'Батарейка(OST Любовь в большом городе)ахахах батарейка...я тосковал по тебе в минуты расставанья...ты возврашалась ко мне сквозь сны и расстаянья,но не смотря ни на что пришла судьба злодейка.и у любви у нашей села батарейка...ахахах кто знает тот поймёт)', 227),
(622, 144, '-12529482_66229577', 2, 'жуки', 'Танкист', 176),
(623, 144, '9931238_49395684', 3, 'Дискотека авария и Жуки', 'Шире вселенной горе моё ', 296),
(328, 11, '8959924_89557770', NULL, 'Linkin Park', 'The Catalyst (Breakfast With Kevin &amp; Bean)', 344),
(329, 11, '65139811_71485061', NULL, 'Natalie Imbruglia', 'Torn', 245),
(330, 11, '3750284_89139632', NULL, 'Natalie Imbruglia', 'Kiss Me', 199),
(305, 11, '34102445_87636145', NULL, 'Gorky Park', 'Moscow Calling', 308),
(306, 11, '24380955_90602426', NULL, 'Gorky Park', 'Stranger ', 290),
(307, 11, '14092605_81885321', NULL, 'Парк Горького', 'Bang (Gorky Park, 1989 )  ', 289),
(308, 11, '43475193_77459119', NULL, 'Gorky Park ( парк горького)', 'две свечи!', 301),
(309, 11, '16624685_80001340', NULL, 'Gorky Park', 'Stare', 298),
(557, 63, '-31042769_121787364', NULL, 'Андрей Шарков', 'Берись И Делай Выпуск №7 (Евгений Чичваркин)', 3103),
(556, 63, '-31042769_121787222', NULL, 'Андрей Шарков', 'Берись и Делай Выпуск №6 (Ирина Кружилина)', 2786),
(554, 63, '-31042769_121786905', NULL, 'Андрей Шарков', 'Берись и Делай Выпуск №4 (Константин Калинов)', 3016),
(562, 63, '-31042769_121941022', NULL, 'Андрей Шарков', 'Берись и Делай №12 (Ника Семенюк)', 2951),
(561, 63, '-31042769_121788070', NULL, 'Андрей Шарков', 'Берись и Делай Выпуск №11 (Учредители компании «Ресэнерго»)', 3294),
(553, 63, '-31042769_121786449', NULL, 'Андрей Шарков', 'Берись и Делай Выпуск №3 (Яна Живова)', 1354),
(552, 63, '-31042769_121786071', NULL, 'Андрей Шарков', 'Берись и Делай выпуск №2 (Григорий Васинкевич)', 3792),
(548, 63, '-18847320_81731573', NULL, 'Ричард Брэнсон', 'К черту все! Берись и делай! (Часть 8)', 722),
(538, 94, '38213472_155374170', NULL, 'Света', 'Ну как же любовь (DJ Dima Best Remix)', 190),
(547, 63, '-18847320_81731591', NULL, 'Ричард Брэнсон', 'К черту все! Берись и делай! (Часть 6)', 865),
(543, 63, '-18847320_81731617', NULL, 'Ричард Брэнсон', 'К черту все! Берись и делай! (Часть 4)', 920),
(544, 63, '-18847320_81731626', NULL, 'Ричард Брэнсон', 'К черту все! Берись и делай! (Часть 3)', 1017),
(545, 63, '-18847320_81731582', NULL, 'Ричард Брэнсон', 'К черту все! Берись и делай! (Часть 7)', 1120),
(546, 63, '-18847320_81731604', NULL, 'Ричард Брэнсон', 'К черту все! Берись и делай! (Часть 5)', 576),
(542, 63, '-18847320_81731645', NULL, 'Ричард Брэнсон', 'К черту все! Берись и делай! (Часть 2)', 1333),
(541, 63, '-18847320_81731655', NULL, 'Ричард Брэнсон', 'К черту все! Берись и делай! (Часть 1)', 939),
(540, 94, '3651243_107313800', NULL, 'Damien Rice feat. Lisa Hannigan', '9 Crimes (Ost The Shrek 3)', 223),
(539, 94, '5626678_86491948', NULL, 'Halfcocked', 'Bad reputation (Shrek OST)', 142),
(551, 63, '-31042769_121785826', NULL, 'Андрей Шарков', 'Берись и Делай Выпуск №1 (Вводный подкаст)', 1821),
(549, 63, '-18847320_81731552', NULL, 'Ричард Брэнсон', 'К черту все! Берись и делай! (Часть 9)', 1171),
(550, 63, '-31042769_123561533', NULL, 'Андрей Шарков', 'Берись и Делай Выпуск №16 (Как без вложений организовать малый бизнес? Спецвыпуск из Китая)', 2604),
(627, 152, '-12529482_66229577', 2, 'жуки', 'Танкист', 176),
(629, 152, '1170776_69165702', 3, 'Жуки', 'Клёво', 188),
(630, 152, '15811336_68864612', 4, '❤Жуки❤', 'Батарейка {Холодный ветер с дождем усилился стократно.. Все говлся стократно.. Все говорит об одноморит об одном - что нет пути обратно..Что ты не мой лапушок, а я не твой Андрейка...Что у любви у нашей села батарейка..}', 227),
(463, 146, '38213472_155374256', NULL, 'Елена Ваенга', 'А я узнала интересный момент    Что и Ван Гог, и Матисс, и Дали    Курили таба-табак, употребляли абсент    И кое-что, кстати, тоже могли...', 197),
(464, 146, '38213472_155374256', NULL, 'Елена Ваенга', 'А я узнала интересный момент    Что и Ван Гог, и Матисс, и Дали    Курили таба-табак, употребляли абсент    И кое-что, кстати, тоже могли...', 197),
(462, 139, '1636851_89815075', NULL, 'dj Adriane De`Lamant &amp; dj Benzina', 'Writing on the Wall ', 303),
(461, 139, '18264691_99215160', NULL, 'Dj Benzina', 'Прислушайтесь!)Мы ебали тёлок в клубе отъебали всех девчёнок в мире =)', 220),
(460, 139, '67329224_74641006', NULL, 'DJ Benzina', 'Maloy', 220),
(563, 94, '14517520_78202277', NULL, 'Enrique Iglesias', 'Escape', 208),
(624, 152, '540524_89544353', 1, 'Жуки', 'Батарейка', 227);

-- --------------------------------------------------------

--
-- Структура таблицы `roles`
--

CREATE TABLE IF NOT EXISTS `roles` (
  `role_id` int(11) NOT NULL AUTO_INCREMENT,
  `role_name` varchar(255) CHARACTER SET latin1 NOT NULL,
  `create_playlist` tinyint(1) NOT NULL DEFAULT '0',
  `enter_system` tinyint(1) NOT NULL DEFAULT '0',
  PRIMARY KEY (`role_id`)
) ENGINE=MyISAM  DEFAULT CHARSET=utf8 AUTO_INCREMENT=4 ;

--
-- Дамп данных таблицы `roles`
--

INSERT INTO `roles` (`role_id`, `role_name`, `create_playlist`, `enter_system`) VALUES
(1, 'Guest', 0, 0),
(2, 'Admin', 1, 1),
(3, 'User', 1, 1);

-- --------------------------------------------------------

--
-- Структура таблицы `user`
--

CREATE TABLE IF NOT EXISTS `user` (
  `id` int(11) NOT NULL AUTO_INCREMENT,
  `role_id` int(11) DEFAULT NULL,
  `login` varchar(255) NOT NULL,
  `email` varchar(255) DEFAULT NULL,
  `pass` varchar(32) NOT NULL,
  `active` tinyint(1) NOT NULL DEFAULT '1',
  `defpl` int(11) DEFAULT NULL,
  PRIMARY KEY (`id`),
  UNIQUE KEY `login` (`login`,`email`),
  KEY `role_id` (`role_id`)
) ENGINE=MyISAM  DEFAULT CHARSET=utf8 AUTO_INCREMENT=248 ;

--
-- Дамп данных таблицы `user`
--

INSERT INTO `user` (`id`, `role_id`, `login`, `email`, `pass`, `active`, `defpl`) VALUES
(234, 1, 'dnmme1v8t75kn39rjsf0ukibk1', NULL, 'c4ca4238a0b923820dcc509a6f75849b', 1, 143),
(140, 3, 'akolomiec', NULL, '54c9fe1aa5e4830d7f0fe114f09227b9', 1, 63),
(233, 1, 'h1jp7likdu17g1md6f07c11tu7', NULL, 'c4ca4238a0b923820dcc509a6f75849b', 1, 141),
(247, 3, 'dasha', NULL, '202cb962ac59075b964b07152d234b70', 1, 152),
(137, 3, 'max', NULL, 'a8a9ec7c338621c80f01873f0ea77b37', 1, 60),
(240, 3, 'admin', NULL, 'a8a9ec7c338621c80f01873f0ea77b37', 1, 144),
(139, 3, 'Boris', NULL, '202cb962ac59075b964b07152d234b70', 1, 62),
(245, 1, '96om5kdi4tvf7qn2bkj4i2r187', NULL, 'c4ca4238a0b923820dcc509a6f75849b', 1, 151),
(238, 1, '92rp1h5k4ci70q8527m4k7j986', NULL, 'c4ca4238a0b923820dcc509a6f75849b', 1, 145),
(236, 3, 'mashs', NULL, '912ec803b2ce49e4a541068d495ab570', 1, 140),
(146, 3, 'test1', NULL, 'a8a9ec7c338621c80f01873f0ea77b37', 1, 69),
(235, 1, 'dnmme1v8t75kn39rjsf0ukibk1', NULL, 'c4ca4238a0b923820dcc509a6f75849b', 1, 142),
(231, 3, 'Essential', NULL, '594527878abe99a7bcf211bbd3994dba', 1, 139),
(232, 3, 'masha', NULL, 'a8a9ec7c338621c80f01873f0ea77b37', 1, 11),
(225, 1, 'jep1uf7tdg751nvb080cilg941', NULL, 'c4ca4238a0b923820dcc509a6f75849b', 1, 135),
(224, 1, 'dff4p3otsjc3hd1u3mothcr391', NULL, 'c4ca4238a0b923820dcc509a6f75849b', 1, 134),
(222, 1, 'aecfu3670qcg0sjc47bp6ticu5', NULL, 'c4ca4238a0b923820dcc509a6f75849b', 1, 133),
(221, 1, 'aecfu3670qcg0sjc47bp6ticu5', NULL, 'c4ca4238a0b923820dcc509a6f75849b', 1, 131),
(207, 1, 'noc5o2ga27l7aghq20i3m3ot90', NULL, 'c4ca4238a0b923820dcc509a6f75849b', 1, 117),
(220, 1, 'aecfu3670qcg0sjc47bp6ticu5', NULL, 'c4ca4238a0b923820dcc509a6f75849b', 1, 130),
(205, 1, 'ognmcqfclf5se9urrg5sbj70i0', NULL, 'c4ca4238a0b923820dcc509a6f75849b', 1, 115),
(219, 1, 'alm3mgb5ndvoklnu2lbj8moqo5', NULL, 'c4ca4238a0b923820dcc509a6f75849b', 1, 129),
(218, 1, 'usjdv0p7penjdqfobihqqe38s0', NULL, 'c4ca4238a0b923820dcc509a6f75849b', 1, 128),
(211, 1, 'jbs4fke0b65kb0rnhq134tq3q0', NULL, 'c4ca4238a0b923820dcc509a6f75849b', 1, 121),
(210, 1, 'jhgf7c66kgbsmft5b1sgaptmj5', NULL, 'c4ca4238a0b923820dcc509a6f75849b', 1, 120),
(200, 1, 'k4h33u1j9mcht6icob5nki2ct3', NULL, 'c4ca4238a0b923820dcc509a6f75849b', 1, 111),
(198, 3, 'Pasha', NULL, '202cb962ac59075b964b07152d234b70', 1, 94),
(216, 1, 'jsa7vtv2au3nam5legivhdnpf4', NULL, 'c4ca4238a0b923820dcc509a6f75849b', 1, 126),
(217, 1, '8g7ti6kvi4tnjmk538nn6odnd5', NULL, 'c4ca4238a0b923820dcc509a6f75849b', 1, 127),
(174, 3, 'fab-sveta', NULL, '202cb962ac59075b964b07152d234b70', 1, 97),
(168, 3, 'main', NULL, '68053af2923e00204c3ca7c6a3150cf7', 1, 91),
(199, 1, 'h86hmi6kloj77ph046shvou0a0', NULL, 'c4ca4238a0b923820dcc509a6f75849b', 1, 110),
(170, 3, 'Vasya', NULL, '202cb962ac59075b964b07152d234b70', 1, 93);

-- --------------------------------------------------------

--
-- Структура таблицы `user_playlist`
--

CREATE TABLE IF NOT EXISTS `user_playlist` (
  `id` int(11) NOT NULL AUTO_INCREMENT,
  `user_id` int(11) NOT NULL,
  PRIMARY KEY (`id`),
  KEY `user_id` (`user_id`)
) ENGINE=MyISAM  DEFAULT CHARSET=utf8 AUTO_INCREMENT=153 ;

--
-- Дамп данных таблицы `user_playlist`
--

INSERT INTO `user_playlist` (`id`, `user_id`) VALUES
(151, 245),
(145, 238),
(143, 234),
(142, 235),
(141, 233),
(135, 225),
(133, 222),
(134, 224),
(131, 221),
(130, 220),
(129, 219),
(128, 218),
(127, 217),
(126, 216),
(121, 211),
(120, 210);

/*!40101 SET CHARACTER_SET_CLIENT=@OLD_CHARACTER_SET_CLIENT */;
/*!40101 SET CHARACTER_SET_RESULTS=@OLD_CHARACTER_SET_RESULTS */;
/*!40101 SET COLLATION_CONNECTION=@OLD_COLLATION_CONNECTION */;
